{
    "Qwen3-30B-A3B": {
        "value_metrics": {
            "Email Address": {
                "precision": 0.9649122807017544,
                "recall": 0.7432432432432432,
                "f1": 0.8396946564885496,
                "tp": 55,
                "fp": 2,
                "fn": 19
            },
            "Invoice Number": {
                "precision": 0.0,
                "recall": 0.0,
                "f1": 0.0,
                "tp": 0,
                "fp": 0,
                "fn": 13
            },
            "Phone Number": {
                "precision": 0.8488372093023255,
                "recall": 0.7684210526315789,
                "f1": 0.8066298342541437,
                "tp": 73,
                "fp": 13,
                "fn": 22
            },
            "Contract Number": {
                "precision": 0.6119402985074627,
                "recall": 0.5324675324675324,
                "f1": 0.5694444444444444,
                "tp": 41,
                "fp": 26,
                "fn": 36
            },
            "Date": {
                "precision": 0.9150326797385621,
                "recall": 0.7142857142857143,
                "f1": 0.8022922636103151,
                "tp": 140,
                "fp": 13,
                "fn": 56
            },
            "Location": {
                "precision": 0.8333333333333334,
                "recall": 0.7720588235294118,
                "f1": 0.8015267175572519,
                "tp": 105,
                "fp": 21,
                "fn": 31
            },
            "Organization Name": {
                "precision": 0.6851851851851852,
                "recall": 0.6666666666666666,
                "f1": 0.6757990867579908,
                "tp": 148,
                "fp": 68,
                "fn": 74
            },
            "Person Name": {
                "precision": 0.9435975609756098,
                "recall": 0.765142150803461,
                "f1": 0.8450511945392492,
                "tp": 619,
                "fp": 37,
                "fn": 190
            },
            "Signature": {
                "precision": 0.0,
                "recall": 0.0,
                "f1": 0.0,
                "tp": 0,
                "fp": 0,
                "fn": 20
            }
        },
        "bbox_metrics": {
            "Email Address": {
                "precision": 0.8947368421052632,
                "recall": 0.6891891891891891,
                "f1": 0.7786259541984732
            },
            "Invoice Number": {
                "precision": 0.0,
                "recall": 0.0,
                "f1": 0.0
            },
            "Phone Number": {
                "precision": 0.8255813953488372,
                "recall": 0.7473684210526316,
                "f1": 0.7845303867403315
            },
            "Contract Number": {
                "precision": 0.5671641791044776,
                "recall": 0.4935064935064935,
                "f1": 0.5277777777777778
            },
            "Date": {
                "precision": 0.8300653594771242,
                "recall": 0.6479591836734694,
                "f1": 0.7277936962750716
            },
            "Location": {
                "precision": 0.8174603174603174,
                "recall": 0.7573529411764706,
                "f1": 0.7862595419847328
            },
            "Organization Name": {
                "precision": 0.6759259259259259,
                "recall": 0.6576576576576577,
                "f1": 0.6666666666666666
            },
            "Person Name": {
                "precision": 0.9435975609756098,
                "recall": 0.765142150803461,
                "f1": 0.8450511945392492
            },
            "Signature": {
                "precision": 0.0,
                "recall": 0.0,
                "f1": 0.0
            }
        },
        "anonymization_ratios": [
            0.6666666666666666,
            0.6470588235294118,
            0.6896551724137931,
            1.0,
            0.875,
            1.0,
            0.9,
            0.625,
            0.47368421052631576,
            0.7558139534883721,
            1.0,
            0.7142857142857143,
            0.6666666666666666,
            0.75,
            1.0,
            0.8571428571428571,
            0.6666666666666666,
            0.25,
            0.8333333333333334,
            0.875,
            0.4375,
            0.8571428571428571,
            0.7647058823529411,
            0.7142857142857143,
            1.0,
            0.75,
            1.0,
            0.42857142857142855,
            0.7692307692307693,
            0.8,
            0.8571428571428571,
            0.6666666666666666,
            0.6,
            0.42857142857142855,
            0.8285714285714286,
            0.375,
            1.0,
            0.6666666666666666,
            1.0,
            0.3793103448275862,
            0.0,
            0.5,
            0.45454545454545453,
            0.7777777777777778,
            0.46153846153846156,
            0.3333333333333333,
            0.9230769230769231,
            1.0,
            0.68,
            0.6666666666666666,
            0.5625,
            1.0,
            0.75,
            1.0,
            0.38095238095238093,
            0.7368421052631579,
            0.42857142857142855,
            0.3888888888888889,
            0.8,
            0.8333333333333334,
            0.7142857142857143,
            0.6,
            0.5384615384615384,
            0.625,
            1.0,
            0.8,
            1.0,
            0.7857142857142857,
            0.6363636363636364,
            0.85,
            0.6666666666666666,
            0.7142857142857143,
            1.0,
            0.75,
            0.8333333333333334,
            0.8,
            0.7894736842105263,
            0.9285714285714286,
            0.3888888888888889,
            0.4473684210526316,
            1.0,
            0.5454545454545454,
            0.6,
            0.8055555555555556,
            0.6,
            1.0,
            0.6363636363636364,
            0.6923076923076923,
            0.9166666666666666,
            0.9444444444444444,
            0.5833333333333334,
            1.0,
            0.6666666666666666,
            0.8666666666666667,
            0.8333333333333334,
            0.8888888888888888,
            0.8,
            0.7692307692307693,
            0.7142857142857143,
            0.7435897435897436,
            0.7777777777777778,
            0.8529411764705882,
            0.8181818181818182,
            1.0,
            0.6666666666666666,
            0.9655172413793104,
            0.7777777777777778,
            0.4
        ]
    }
}