id,pii_type,value,bbox,annotator
f56e2fc1-7f41-68e3-bfe5-06176b9a2e8a.pdf_page2,Email Address,AR@grahammedia.com,"(0.19574077427387238, 0.11448252946138382, 0.3793170899152756, 0.12711587082594633)",0
f56e2fc1-7f41-68e3-bfe5-06176b9a2e8a.pdf_page2,Location,"Atlanta, GA 31193-3520","(0.1959165632724762, 0.09962338954210281, 0.38136526197195053, 0.11145929526537657)",0
f56e2fc1-7f41-68e3-bfe5-06176b9a2e8a.pdf_page2,Organization Name,WJXT,"(0.10190930217504501, 0.06356284022331238, 0.151326771825552, 0.07176513597369194)",0
f56e2fc1-7f41-68e3-bfe5-06176b9a2e8a.pdf_page2,Organization Name,Bloomberg,"(0.6030755043029785, 0.1168770045042038, 0.6868106573820114, 0.1250684093683958)",0
f56e2fc1-7f41-68e3-bfe5-06176b9a2e8a.pdf_page2,Contract Number,541602-1,"(0.6025962829589844, 0.07152505218982697, 0.6562926694750786, 0.07964517176151276)",0
f56e2fc1-7f41-68e3-bfe5-06176b9a2e8a.pdf_page2,Invoice Number,541602-1,"(0.6025962829589844, 0.07152505218982697, 0.6562926694750786, 0.07964517176151276)",0
f56e2fc1-7f41-68e3-bfe5-06176b9a2e8a.pdf_page2,Email Address,AR@grahammedia.com,"(0.19574077427387238, 0.11448252946138382, 0.3793170899152756, 0.12711587082594633)",1
f56e2fc1-7f41-68e3-bfe5-06176b9a2e8a.pdf_page2,Email Address,AR@grahammedia.com,"(0.19574077427387238, 0.11448252946138382, 0.3793170899152756, 0.12711587082594633)",2
