id,pii_type,value,bbox,annotator
f/h/f/b/fhfb0066_page1,Person Name,Dr. H. s. Tong,"(0.32517170906066895, 0.6969733238220215, 0.44034381955862045, 0.7050613025203347)",0
f/h/f/b/fhfb0066_page1,Date,"October 15, 1972","(0.6402780413627625, 0.20597773790359497, 0.7732966132462025, 0.2155493339523673)",0
f/h/f/b/fhfb0066_page1,Contract Number,H-102-5,"(0.767082691192627, 0.14212501049041748, 0.8274627402424812, 0.15132522583007812)",0
f/h/f/b/fhfb0066_page1,Person Name,Dr. H. s. Tong,"(0.32517170906066895, 0.6969733238220215, 0.44034381955862045, 0.7050613025203347)",1
f/h/f/b/fhfb0066_page1,Date,"October 15, 1972","(0.6402780413627625, 0.20597773790359497, 0.7732966132462025, 0.2155493339523673)",1
f/h/f/b/fhfb0066_page1,Contract Number,H-102-5,"(0.767082691192627, 0.14212501049041748, 0.8274627402424812, 0.15132522583007812)",1
f/h/f/b/fhfb0066_page1,Person Name,Dr. H. s. Tong,"(0.32517170906066895, 0.6969733238220215, 0.44034381955862045, 0.7050613025203347)",2
f/h/f/b/fhfb0066_page1,Date,"October 15, 1972","(0.6402780413627625, 0.20597773790359497, 0.7732966132462025, 0.2155493339523673)",2
