id,pii_type,value,bbox,annotator
f/j/d/l/fjdl0137_page1,Person Name,Mr. Hammor,"(0.23250091075897217, 0.09045853465795517, 0.3274584896862507, 0.10109918005764484)",0
f/j/d/l/fjdl0137_page1,Person Name,"Dixon, W. E.","(0.19604837894439697, 0.245050311088562, 0.30645387060940266, 0.25825012009590864)",0
f/j/d/l/fjdl0137_page1,Date,12-19-48,"(0.6215956211090088, 0.02133549563586712, 0.6971130147576332, 0.03236101847141981)",0
f/j/d/l/fjdl0137_page1,Person Name,Mr. Hammor,"(0.23250091075897217, 0.09045853465795517, 0.3274584896862507, 0.10109918005764484)",1
f/j/d/l/fjdl0137_page1,Person Name,"Dixon, W. E.","(0.19604837894439697, 0.245050311088562, 0.30645387060940266, 0.25825012009590864)",1
f/j/d/l/fjdl0137_page1,Person Name,Mr. Hammor,"(0.23250091075897217, 0.09045853465795517, 0.3274584896862507, 0.10109918005764484)",2
f/j/d/l/fjdl0137_page1,Person Name,"Dixon, W. E.","(0.19604837894439697, 0.245050311088562, 0.30645387060940266, 0.25825012009590864)",2
f/j/d/l/fjdl0137_page1,Date,12-19-48,"(0.6215956211090088, 0.02133549563586712, 0.6971130147576332, 0.03236101847141981)",2
