id,pii_type,value,bbox,annotator
f/j/l/n/fjln0143_page4,Organization Name,KOOL,"(0.4139663279056549, 0.30001306533813477, 0.4473082721233368, 0.30840395484119654)",2
f/j/l/n/fjln0143_page4,Organization Name,KOOL,"(0.27035418152809143, 0.44730475544929504, 0.3028019145131111, 0.45583213958889246)",2
