id,pii_type,value,bbox,annotator
f/j/l/n/fjln0143_page4,Contract Number,6761 5 5 5 5 5 9,"(0.24933069944381714, 0.9113684296607971, 0.5169505719095469, 0.9390999265015125)",0
f/j/l/n/fjln0143_page4,Contract Number,6761 5 5 5 5 9,"(0.24933069944381714, 0.9113684296607971, 0.5169505719095469, 0.9390999265015125)",1
f/j/l/n/fjln0143_page4,Phone Number,6761 5 5 5 5 9,"(0.24933069944381714, 0.9113684296607971, 0.5169505719095469, 0.9390999265015125)",2
f/j/l/n/fjln0143_page4,Contract Number,6761 5 5 5 5 9,"(0.24933069944381714, 0.9113684296607971, 0.5169505719095469, 0.9390999265015125)",2
