id,pii_type,value,bbox,annotator
f/g/p/d/fgpd0104_page3,Date,"February 14, 1992","(0.5091539025306702, 0.26068323850631714, 0.6759944371879101, 0.2768563460558653)",1
f/g/p/d/fgpd0104_page3,Date,"February 14, 1992","(0.5091539025306702, 0.26068323850631714, 0.6759944371879101, 0.2768563460558653)",2
