id,pii_type,value,bbox,annotator
f/h/v/y/fhvy0227_page2,Person Name,Rhona,"(0.12734082341194153, 0.07058658450841904, 0.16908637061715126, 0.08022764697670937)",0
f/h/v/y/fhvy0227_page2,Person Name,Rhona,"(0.12734082341194153, 0.07058658450841904, 0.16908637061715126, 0.08022764697670937)",1
f/h/v/y/fhvy0227_page2,Person Name,Rhona,"(0.12734082341194153, 0.07058658450841904, 0.16908637061715126, 0.08022764697670937)",2
f/h/v/y/fhvy0227_page2,Contract Number,Rhona,"(0.12734082341194153, 0.07058658450841904, 0.16908637061715126, 0.08022764697670937)",2
