id,pii_type,value,bbox,annotator
f/h/f/x/fhfx0251_page2,Email Address,connie.kisinger@covidien.com,"(0.06147130951285362, 0.04685749486088753, 0.25811268016695976, 0.06007558852434158)",0
f/h/f/x/fhfx0251_page2,Phone Number,0005150395,"(0.8762218952178955, 0.9856570363044739, 0.9684131219983101, 0.996182263828814)",0
f/h/f/x/fhfx0251_page2,Contract Number,0005150395,"(0.8762218952178955, 0.9856570363044739, 0.9684131219983101, 0.996182263828814)",0
f/h/f/x/fhfx0251_page2,Email Address,connie.kisinger@covidien.com,"(0.06147130951285362, 0.04685749486088753, 0.25811268016695976, 0.06007558852434158)",1
f/h/f/x/fhfx0251_page2,Phone Number,0005150395,"(0.8762218952178955, 0.9856570363044739, 0.9684131219983101, 0.996182263828814)",1
f/h/f/x/fhfx0251_page2,Contract Number,0005150395,"(0.8762218952178955, 0.9856570363044739, 0.9684131219983101, 0.996182263828814)",1
f/h/f/x/fhfx0251_page2,Phone Number,0005150395,"(0.8762218952178955, 0.9856570363044739, 0.9684131219983101, 0.996182263828814)",2
f/h/f/x/fhfx0251_page2,Organization Name,MNKOI,"(0.8185326457023621, 0.9857821464538574, 0.873138889670372, 0.9963965667411685)",2
f/h/f/x/fhfx0251_page2,Contract Number,MNKOI 0005150395,"(0.8185326457023621, 0.9856570363044739, 0.9684131219983101, 0.9963965667411685)",2
