id,pii_type,value,bbox,annotator
f/g/j/j/fgjj0009_page1,Person Name,"Plaia, Gina","(0.2622278332710266, 0.09254661947488785, 0.3456990197300911, 0.10582512244582176)",0
f/g/j/j/fgjj0009_page1,Person Name,"Elfar, Deb","(0.2416338473558426, 0.12189418822526932, 0.31785281375050545, 0.13543375674635172)",0
f/g/j/j/fgjj0009_page1,Person Name,"Rush, Sonya","(0.2426183968782425, 0.13641278445720673, 0.3390537202358246, 0.1513153724372387)",0
f/g/j/j/fgjj0009_page1,Date,"Thu, Mar 24, 1994 5:07 PM","(0.37195730209350586, 0.09237484633922577, 0.5813826061785221, 0.10604079533368349)",0
f/g/j/j/fgjj0009_page1,Person Name,"Plaia, Gina","(0.2622278332710266, 0.09254661947488785, 0.3456990197300911, 0.10582512244582176)",1
f/g/j/j/fgjj0009_page1,Person Name,"Elfar, Deb","(0.2416338473558426, 0.12189418822526932, 0.31785281375050545, 0.13543375674635172)",1
f/g/j/j/fgjj0009_page1,Person Name,"Rush, Sonya","(0.2426183968782425, 0.13641278445720673, 0.3390537202358246, 0.1513153724372387)",1
f/g/j/j/fgjj0009_page1,Date,"Thu, Mar 24, 1994 5:07 PM","(0.37195730209350586, 0.09237484633922577, 0.5813826061785221, 0.10604079533368349)",1
f/g/j/j/fgjj0009_page1,Date,"From: Plaia, Gina on Thu, Mar 24, 1994 5:07 PM","(0.21188855171203613, 0.09237484633922577, 0.5813826061785221, 0.10604079533368349)",2
