id,pii_type,value,bbox,annotator
f/j/l/n/fjln0143_page4,Organization Name,KOOL,"(0.4139663279056549, 0.30001306533813477, 0.4473082721233368, 0.30840395484119654)",0
f/j/l/n/fjln0143_page4,Contract Number,KOOL,"(0.4139663279056549, 0.30001306533813477, 0.4473082721233368, 0.30840395484119654)",0
f/j/l/n/fjln0143_page4,Contract Number,6761 5 5 5 5 9,"(0.24933069944381714, 0.9113684296607971, 0.5169505719095469, 0.9390999265015125)",0
f/j/l/n/fjln0143_page4,Phone Number,6761 5 5 5 5 9,"(0.24933069944381714, 0.9113684296607971, 0.5169505719095469, 0.9390999265015125)",1
f/j/l/n/fjln0143_page4,Contract Number,6761 5 5 5 5 9,"(0.24933069944381714, 0.9113684296607971, 0.5169505719095469, 0.9390999265015125)",1
f/j/l/n/fjln0143_page4,Phone Number,6761 5 5 5 5 9,"(0.24933069944381714, 0.9113684296607971, 0.5169505719095469, 0.9390999265015125)",2
f/j/l/n/fjln0143_page4,Contract Number,6761,"(0.24933069944381714, 0.9113684296607971, 0.3530152440071106, 0.9384231176227331)",2
