id,pii_type,value,bbox,annotator
f/h/m/b/fhmb0046_page1,Person Name,Martha,"(0.14511795341968536, 0.3278118073940277, 0.2141071781516075, 0.33826082292944193)",0
f/h/m/b/fhmb0046_page1,Person Name,Marty Gleason,"(0.19565625488758087, 0.5420957803726196, 0.3272283002734184, 0.5546788051724434)",0
f/h/m/b/fhmb0046_page1,Date,"February 13, 1991","(0.14734770357608795, 0.2738044857978821, 0.3159143440425396, 0.28662637528032064)",0
f/h/m/b/fhmb0046_page1,Person Name,Martha:,"(0.14511795341968536, 0.3278118073940277, 0.2141071781516075, 0.33826082292944193)",1
f/h/m/b/fhmb0046_page1,Person Name,Marty Gleason,"(0.19565625488758087, 0.5420957803726196, 0.3272283002734184, 0.5546788051724434)",1
f/h/m/b/fhmb0046_page1,Date,"February 13, 1991","(0.14734770357608795, 0.2738044857978821, 0.3159143440425396, 0.28662637528032064)",1
f/h/m/b/fhmb0046_page1,Person Name,Martha:,"(0.14511795341968536, 0.3278118073940277, 0.2141071781516075, 0.33826082292944193)",2
f/h/m/b/fhmb0046_page1,Person Name,Marty Gleason,"(0.19565625488758087, 0.5420957803726196, 0.3272283002734184, 0.5546788051724434)",2
f/h/m/b/fhmb0046_page1,Date,"February 13, 1991","(0.14734770357608795, 0.2738044857978821, 0.3159143440425396, 0.28662637528032064)",2
