id,pii_type,value,bbox,annotator
f/h/m/m/fhmm0017_page2,Person Name,Technical Advisor,"(0.6408140063285828, 0.9295743107795715, 0.8114336207509041, 0.940385377034545)",0
f/h/m/m/fhmm0017_page2,Organization Name,Fiske Brothers Refining Co.,"(0.18836599588394165, 0.9063388705253601, 0.4578409790992737, 0.9198351837694645)",0
f/h/m/m/fhmm0017_page2,Date,"September 24, 1985","(0.20427455008029938, 0.9366567730903625, 0.38223982602357864, 0.9503885833546519)",0
f/h/m/m/fhmm0017_page2,Person Name,Fiske Brothers Refining Co.,"(0.18836599588394165, 0.9063388705253601, 0.4578409790992737, 0.9198351837694645)",1
f/h/m/m/fhmm0017_page2,Organization Name,Fiske Brothers Refining Co.,"(0.18836599588394165, 0.9063388705253601, 0.4578409790992737, 0.9198351837694645)",1
f/h/m/m/fhmm0017_page2,Date,"September 24, 1985","(0.20427455008029938, 0.9366567730903625, 0.38223982602357864, 0.9503885833546519)",1
f/h/m/m/fhmm0017_page2,Person Name,Technical Advisor,"(0.6408140063285828, 0.9295743107795715, 0.8114336207509041, 0.940385377034545)",2
f/h/m/m/fhmm0017_page2,Organization Name,Fiske Brothers Refining Co.,"(0.18836599588394165, 0.9063388705253601, 0.4578409790992737, 0.9198351837694645)",2
f/h/m/m/fhmm0017_page2,Date,"DATE PREPARED September 24, 1985","(0.06951366364955902, 0.9366567730903625, 0.38223982602357864, 0.9503885833546519)",2
