id,pii_type,value,bbox,annotator
f/h/h/d/fhhd0023_page2,Person Name,Sharon T. Yortnoy,"(0.20162318646907806, 0.9473027586936951, 0.40094225108623505, 0.9593316130340099)",0
f/h/h/d/fhhd0023_page2,Organization Name,RTC Direct,"(0.07638170570135117, 0.19426193833351135, 0.19334817677736282, 0.20465458277612925)",0
f/h/h/d/fhhd0023_page2,Date,6/14/25,"(0.7142692804336548, 0.8993622064590454, 0.8057791665196419, 0.9482005052268505)",0
f/h/h/d/fhhd0023_page2,Person Name,Sharon T. Yortnoy,"(0.20162318646907806, 0.9473027586936951, 0.40094225108623505, 0.9593316130340099)",1
f/h/h/d/fhhd0023_page2,Organization Name,RTC Direct,"(0.07638170570135117, 0.19426193833351135, 0.19334817677736282, 0.20465458277612925)",1
f/h/h/d/fhhd0023_page2,Person Name,Sharon T. Yortnoy,"(0.20162318646907806, 0.9473027586936951, 0.40094225108623505, 0.9593316130340099)",2
f/h/h/d/fhhd0023_page2,Organization Name,RTC Direct,"(0.07638170570135117, 0.19426193833351135, 0.19334817677736282, 0.20465458277612925)",2
